Crash Number,Crash Date,Crash Time,City/Town,Crash Severity,Roadway,Near Intersection Roadway,Landmark,Police Agency
2949974,9/19/2011,7:40 AM,WORCESTER,Not Reported,UPLAND STREET / GREENWOOD STREET,,,Local police
2948130,8/23/2010,1:05 PM,WORCESTER,Not Reported,UPLAND GARDENS DRIVE,,,Local police
2955193,9/14/2011,3:41 PM,WORCESTER,Property damage only (none injured),SOUTHWEST CUTOFF Rte 20 E,,,Local police
3095531,2/17/2011,3:15 PM,WORCESTER,Non-fatal injury,GRAFTON STREET Rte 20 / Rte 20 W,,,Local police
3100475,2/12/2011,7:02 PM,WORCESTER,Property damage only (none injured),MILLBURY STREET / BLACKSTONE RIVER ROAD,,,Local police
3104483,2/24/2011,10:24 AM,WORCESTER,Non-fatal injury,MILLBURY STREET,,,Local police
3154017,10/7/2011,7:10 PM,WORCESTER,Property damage only (none injured),GRAFTON STREET / Rte 20 E,,,Local police
2913466,1/31/2010,9:03 PM,WORCESTER,Non-fatal injury,GREENWOOD STREET,,,Local police
2914271,12/21/2010,9:15 AM,WORCESTER,Non-fatal injury,UPLAND STREET / GREENWOOD STREET,,,Local police
3154689,11/27/2011,12:05 PM,WORCESTER,Property damage only (none injured),GRAFTON STREET,Rte 20,,Local police
3154862,11/5/2011,8:47 PM,WORCESTER,Unknown,UPLAND STREET,UPLAND GARDENS DRIVE,,Local police
3154990,11/10/2011,1:30 PM,WORCESTER,Non-fatal injury,SOUTHWEST CUTOFF,,,Local police
3155563,11/19/2011,12:00 PM,WORCESTER,Not Reported,UPLAND GARDENS DRIVE,,UPLAND STREET,Local police
3179988,12/27/2011,3:00 PM,WORCESTER,Non-fatal injury,GRANITE STREET,,,Local police
3181064,7/14/2011,8:56 AM,WORCESTER,Property damage only (none injured),MASSASOIT ROAD,,,Local police
2914263,12/21/2010,9:45 AM,WORCESTER,Non-fatal injury,UPLAND STREET,,,Local police
3107412,2/10/2011,3:08 PM,WORCESTER,Non-fatal injury,UPLAND GARDENS DRIVE,,,Local police
3148658,10/29/2011,11:19 PM,WORCESTER,Property damage only (none injured),GRAFTON STREET,,,Local police
3149234,10/21/2011,4:23 AM,WORCESTER,Non-fatal injury,GRAFTON STREET,,,Local police
3153642,11/2/2011,6:09 AM,WORCESTER,Non-fatal injury,GREENWOOD STREET,,,Local police
3201954,1/30/2012,10:33 PM,WORCESTER,Property damage only (none injured),GRAFTON STREET Rte 122 / Rte 20 W,,,Local police
3214126,1/6/2012,6:45 PM,WORCESTER,Property damage only (none injured),GRAFTON STREET,BURGHARDT STREET,,Local police
3224530,2/7/2012,5:56 PM,WORCESTER,Non-fatal injury,SOUTHWEST CUTOFF,,,Local police
3253393,3/23/2012,10:00 AM,WORCESTER,Non-fatal injury,Rte 20 / SOUTHWEST CUTOFF / GRAFTON STREET,,,Local police
3254022,4/6/2012,6:57 PM,WORCESTER,Property damage only (none injured),GREENWOOD STREET / UPLAND STREET,,,Local police
3262230,3/21/2012,8:17 PM,WORCESTER,Property damage only (none injured),UPLAND GARDENS DRIVE,,,Local police
3265903,3/8/2012,6:58 PM,WORCESTER,Non-fatal injury,GREENWOOD STREET,,,Local police
3294099,6/27/2012,7:42 AM,WORCESTER,Not Reported,GREENWOOD STREET / UPLAND STREET,,,Local police
4021088,2/12/2015,8:37 AM,WORCESTER,Not Reported,GRAFTON STREET,,,Local police
4055706,2/19/2015,5:04 PM,WORCESTER,Property damage only (none injured),Rte 122 / GRAFTON STREET / Rte 20,,,Local police
4076466,5/15/2015,10:20 AM,WORCESTER,Property damage only (none injured),Rte 122 / GRAFTON STREET / MCAVEY WAY,,,Local police
2765206,8/16/2011,2:45 PM,WORCESTER,Property damage only (none injured),GRAFTON STREET Rte 122 S / RAMP-RT 122 SB TO RT 20 WB,,,Local police
2778282,8/5/2011,6:48 AM,WORCESTER,Non-fatal injury,SOUTHWEST CUTOFF Rte 20 E / RAMP-RT 20 EB TO RT 122 NB,,83 SOUTHWEST CUTOFF,Local police
3224630,2/2/2011,11:10 AM,WORCESTER,Non-fatal injury,Rte 20 / GRAFTON STREET,,,Local police
3267181,3/10/2012,11:06 AM,WORCESTER,Property damage only (none injured),TOBIAS BOLAND WAY,,,Local police
3270932,5/18/2012,11:17 PM,WORCESTER,Not Reported,GREENWOOD STREET,,,Local police
3277558,5/26/2012,2:59 AM,WORCESTER,Unknown,MASSASOIT ROAD,,,Local police
3282230,5/9/2012,2:39 AM,WORCESTER,Property damage only (none injured),MASSASOIT ROAD,,,Local police
3318230,7/14/2012,11:43 PM,WORCESTER,Non-fatal injury,UPLAND GARDENS DRIVE / UPLAND STREET,,,Local police
3318340,7/31/2012,2:00 PM,WORCESTER,Not Reported,GRAFTON STREET,,,Local police
3347772,8/18/2012,8:00 PM,WORCESTER,Non-fatal injury,GRAFTON STREET / Rte 20,,,Local police
3347805,10/31/2012,12:03 PM,WORCESTER,Property damage only (none injured),SOUTHWEST CUTOFF,,,Local police
3359114,10/25/2012,1:50 PM,WORCESTER,Non-fatal injury,GREENWOOD STREET / FORSBERG STREET,,,Local police
3359192,10/30/2012,9:00 AM,WORCESTER,Property damage only (none injured),MINERVA STREET,,,Local police
3359856,12/16/2012,10:23 PM,WORCESTER,Property damage only (none injured),VALENTE DRIVE,ETRE DRIVE,,Local police
3360600,10/14/2012,1:12 PM,WORCESTER,Property damage only (none injured),MASSASOIT ROAD,,,Local police
3361513,11/18/2012,6:00 PM,WORCESTER,Not Reported,MYSTIC STREET,,,Local police
3366568,9/24/2012,7:36 PM,WORCESTER,Non-fatal injury,BLACKSTONE RIVER ROAD / MILLBURY STREET,,,Local police
3367052,12/19/2012,4:43 PM,WORCESTER,Not Reported,UPLAND GARDENS DRIVE,,,Local police
3367746,12/17/2012,4:48 AM,WORCESTER,Property damage only (none injured),GRAFTON STREET,,,Local police
3375932,2/4/2013,5:30 PM,WORCESTER,Property damage only (none injured),BLITHEWOOD AVENUE,,,Local police
3378163,1/25/2013,9:00 AM,WORCESTER,Property damage only (none injured),GRAFTON STREET / BURGHARDT STREET,,,Local police
3378589,9/27/2012,8:03 PM,WORCESTER,Property damage only (none injured),PURPLE HEART HIGHWAY Rte 146 S,,RT 146 SOUTHBOUND MM19,State police
3382298,3/31/2013,10:00 AM,WORCESTER,Property damage only (none injured),UPLAND STREET / UPLAND GARDENS DRIVE,,,Local police
3389134,1/3/2013,1:38 PM,WORCESTER,Non-fatal injury,GRAFTON STREET Rte 122 S / RAMP-RT 122 SB TO RT 20 EB / SOUTHWEST CUTOFF,,,Local police
3392188,2/24/2013,11:07 PM,WORCESTER,Non-fatal injury,GREENWOOD STREET,,,Local police
3393779,2/14/2013,3:10 PM,WORCESTER,Property damage only (none injured),MILLBURY STREET / BLACKSTONE RIVER ROAD,,,Local police
3394531,3/30/2013,4:05 PM,WORCESTER,Property damage only (none injured),GRAFTON STREET / SAYBROOK ROAD,,,Local police
3425439,4/22/2013,7:35 PM,WORCESTER,Property damage only (none injured),MALLARD ROAD,,,Local police
3427415,4/26/2013,4:55 PM,WORCESTER,Property damage only (none injured),GREENWOOD STREET,,VFW POST,Local police
3561943,6/10/2013,11:25 AM,WORCESTER,Non-fatal injury,GRAFTON STREET / SOUTHWEST CUTOFF,,,Local police
3562036,6/8/2013,9:38 PM,WORCESTER,Non-fatal injury,GRAFTON STREET / SOUTHWEST CUTOFF Rte 20,,,Local police
4090969,6/24/2015,10:00 PM,WORCESTER,Not Reported,POINTE ROK DRIVE,,,Local police
1874406,1/24/2005,9:30 AM,WORCESTER,Not Reported,UPLAND STREET,,,
1874695,3/28/2005,9:30 AM,WORCESTER,Not Reported,SOUTHWEST CUTOFF Rte 20,GRAFTON STREET Rte 122 E,,
1935961,1/7/2005,9:00 AM,WORCESTER,Property damage only (none injured),UPLAND STREET,GREENWOOD STREET,,
1967496,5/16/2005,11:58 AM,WORCESTER,Non-fatal injury,GREENWOOD STREET / FORSBERG STREET / GREENWOOD STREET,,,Local police
1981441,8/16/2005,10:50 AM,WORCESTER,Property damage only (none injured),GRAFTON STREET Rte 122 / NATHANIEL STREET,,,
2005165,8/25/2005,2:20 PM,WORCESTER,Property damage only (none injured),/ GRAFTON STREET Rte 20,Rte 20,,Local police
2006408,8/18/2005,8:15 PM,WORCESTER,Non-fatal injury,GRAFTON STREET Rte 122 / Rte 20,,,
2012586,11/19/2005,3:25 PM,WORCESTER,Property damage only (none injured),SUNDERLAND ROAD Rte 20,GRAFTON STREET,,
2013455,3/17/2005,7:30 AM,WORCESTER,Non-fatal injury,Rte 20 / GRAFTON STREET,,,Local police
2013488,3/13/2005,7:00 AM,WORCESTER,Not Reported,UPLAND GARDENS DRIVE,,,Local police
2013654,3/12/2005,6:30 PM,WORCESTER,Not Reported,UPLAND STREET,,,Local police
2016490,8/27/2005,7:45 AM,WORCESTER,Property damage only (none injured),/ GRAFTON STREET,SOUTHWEST CUTOFF,,Local police
2024390,3/26/2005,6:02 PM,WORCESTER,Non-fatal injury,GREENWOOD STREET,,,Local police
2026679,1/12/2005,3:00 PM,WORCESTER,Property damage only (none injured),GREENWOOD STREET / UPLAND STREET,,,Local police
2030739,7/28/2005,5:34 PM,WORCESTER,Property damage only (none injured),GREENWOOD STREET,,,Local police
3349542,8/26/2012,12:22 AM,WORCESTER,Property damage only (none injured),UPLAND GARDENS DRIVE,,,Local police
3349576,8/24/2012,1:36 AM,WORCESTER,Non-fatal injury,GREENWOOD STREET,,,Local police
3401838,3/7/2013,8:00 AM,WORCESTER,Property damage only (none injured),BLACKSTONE RIVER ROAD / TOBIAS BOLLAND WAY,,,Local police
3405046,2/28/2013,9:35 PM,WORCESTER,Not Reported,GRAFTON STREET Rte 122 S / BEVERLY COVE,,,Local police
3410539,1/11/2013,5:30 AM,WORCESTER,Property damage only (none injured),TOBIAS BOLAND WAY,,SAMS CLUB,Local police
3561960,6/6/2013,12:05 PM,WORCESTER,Non-fatal injury,MILLBURY STREET / BLACKSTONE RIVER ROAD,,,Local police
3607415,8/14/2013,5:35 PM,WORCESTER,Property damage only (none injured),GRAFTON STREET,NATHANIEL STREET,,Local police
3658835,9/6/2013,6:00 PM,WORCESTER,Not Reported,GRAFTON STREET,Rte 20,,Local police
3659442,9/24/2013,12:00 PM,WORCESTER,Property damage only (none injured),UPLAND GARDENS DRIVE Rte 9 N,,,Local police
3694800,12/6/2013,7:00 AM,WORCESTER,Property damage only (none injured),SUNDERLAND ROAD Rte 20 E,GRAFTON STREET,EXIT FROM SUNOCO GAS STATION,State police
3715895,10/25/2013,4:30 PM,WORCESTER,Property damage only (none injured),GRAFTON STREET Rte 20 / SOUTHWEST CUTOFF / Rte 20,,,Local police
3719751,10/7/2013,11:55 AM,WORCESTER,Non-fatal injury,MCCLINTOCK AVENUE / BALIS AVENUE,,,Local police
3739260,10/3/2013,10:30 AM,WORCESTER,Property damage only (none injured),GREENWOOD STREET,UPLAND STREET,,Local police
3750985,11/12/2013,11:43 AM,WORCESTER,Property damage only (none injured),GRAFTON STREET,Rte 20,,Local police
3751023,11/15/2013,6:00 PM,WORCESTER,Property damage only (none injured),GRAFTON STREET / SOUTHWEST CUTOFF,,,Local police
3752944,11/5/2013,5:30 PM,WORCESTER,Property damage only (none injured),MASSASOIT ROAD,,,Local police
3753883,12/9/2013,10:50 AM,WORCESTER,Property damage only (none injured),MASSASOIT ROAD,,,Local police
3754843,11/24/2013,2:09 PM,WORCESTER,Non-fatal injury,GREENWOOD STREET,,,Local police
3754845,12/16/2013,5:05 PM,WORCESTER,Property damage only (none injured),GRAFTON STREET,,,Local police
4021078,2/17/2015,12:10 PM,WORCESTER,Property damage only (none injured),SOUTHWEST CUTOFF,GRAFTON STREET,,Local police
4025280,3/2/2015,10:45 AM,WORCESTER,Property damage only (none injured),GRAFTON STREET / SOUTHWEST CUTOFF,,,Local police
4037576,1/4/2015,11:03 AM,WORCESTER,Not Reported,MASSASOIT ROAD,,,Local police
4053154,3/20/2015,6:16 PM,WORCESTER,Property damage only (none injured),UPLAND STREET / MYSTIC STREET,,,Local police
4054239,2/5/2015,2:20 PM,WORCESTER,Property damage only (none injured),GRANITE STREET,,,Local police
4055147,5/9/2015,4:30 PM,WORCESTER,Property damage only (none injured),TOBIAS BOLAND WAY,,,Local police
4055238,2/13/2015,7:15 AM,WORCESTER,Non-fatal injury,UPLAND STREET,BELLA LANE,,Local police
4055259,2/21/2015,10:42 AM,WORCESTER,Property damage only (none injured),GRAFTON STREET,,,Local police
4064105,1/4/2015,1:30 PM,WORCESTER,Unknown,UPLAND STREET,,,Local police
4065611,6/26/2015,11:04 AM,WORCESTER,Property damage only (none injured),GREENWOOD STREET,,,Local police
4066782,4/21/2015,4:53 PM,WORCESTER,Property damage only (none injured),Rte 122 / GRAFTON STREET / Rte 20,,,Local police
4067682,4/4/2015,7:47 PM,WORCESTER,Property damage only (none injured),GRAFTON STREET / BURGHARDT STREET,,,Local police
4072156,4/13/2015,12:10 PM,WORCESTER,Property damage only (none injured),RAMP-RT 122 SB TO RT 20 WB / GRAFTON STREET Rte SR122 N,,,Local police
4075889,7/1/2015,9:03 AM,WORCESTER,Property damage only (none injured),SOUTHWEST CUTOFF Rte 20 E / GRAFTON STREET,,,Local police
4097080,7/15/2015,12:55 AM,WORCESTER,Property damage only (none injured),BLITHEWOOD AVENUE,,,Local police
4097717,7/16/2015,11:40 PM,WORCESTER,Non-fatal injury,TOBIAS BOLAND WAY / BLACKSTONE RIVER ROAD,,,Local police
4097762,7/3/2015,11:45 AM,WORCESTER,Non-fatal injury,BLACKSTONE RIVER ROAD / TOBIAS BOLAND WAY,,,Local police
4109110,7/18/2015,2:03 AM,WORCESTER,Fatal injury,MASSASOIT ROAD,,,Local police
4125278,8/31/2015,4:02 PM,WORCESTER,Property damage only (none injured),MILLBURY STREET / BLACKSTONE RIVER ROAD,,,Local police
4125809,8/2/2015,11:15 AM,WORCESTER,Not Reported,UPLAND STREET / BELLA LANE,,,Local police
4128352,8/15/2015,4:40 PM,WORCESTER,Property damage only (none injured),WESTBOROUGH STREET,,,Local police
4129177,8/3/2015,11:00 PM,WORCESTER,Non-fatal injury,UPLAND STREET,,,Local police
4129274,8/13/2015,9:36 PM,WORCESTER,Property damage only (none injured),GREENWOOD STREET,,,Local police
4129388,8/19/2015,12:24 AM,WORCESTER,Property damage only (none injured),FORSBERG STREET,GREENWOOD STREET,,Local police
4139332,9/3/2015,5:25 PM,WORCESTER,Non-fatal injury,GRAFTON STREET,,,Local police
4143098,9/23/2015,8:40 AM,WORCESTER,Not Reported,GRAFTON STREET,,SUMMIT ELDER CARE,Local police
4143693,9/9/2015,2:17 PM,WORCESTER,Property damage only (none injured),SUNDERLAND ROAD Rte 20 W,GRAFTON STREET,,Local police
4164421,11/23/2015,7:40 PM,WORCESTER,Non-fatal injury,MILLBURY STREET,,,Local police
4165839,12/3/2015,4:48 PM,WORCESTER,Property damage only (none injured),GREENWOOD STREET / FORSBERG STREET,,,Local police
4165875,12/14/2015,10:01 PM,WORCESTER,Property damage only (none injured),SOUTHWEST CUTOFF,Rte 20,,Local police
1403599,12/13/2001,10:00 AM,WORCESTER,Property damage only (none injured),MILLBURY STREET / BALLARD STREET Rte 146 S,,,Local police
1410552,3/15/2002,1:34 AM,WORCESTER,Property damage only (none injured),UPLAND GARDENS DRIVE,UPLAND STREET,,Local police
1410647,1/18/2002,12:30 PM,WORCESTER,Property damage only (none injured),BALLARD STREET Rte 146 S,MILLBURY STREET,,Local police
1410661,1/18/2002,11:30 AM,WORCESTER,Non-fatal injury,GRAFTON STREET,,,Local police
1410792,3/18/2002,7:20 AM,WORCESTER,Non-fatal injury,UPLAND STREET,,,Local police
1410999,3/16/2002,10:30 PM,WORCESTER,Property damage only (none injured),GREENWOOD STREET / FORSBERG STREET,,,Local police
1412164,1/19/2002,12:59 AM,WORCESTER,Not Reported,UPLAND GARDENS DRIVE / UPLAND STREET,,,Local police
1412488,1/28/2002,8:40 PM,WORCESTER,Non-fatal injury,BLITHEWOOD AVENUE,,,Local police
1412971,2/7/2002,8:40 AM,WORCESTER,Non-fatal injury,GRAFTON STREET Rte 122 S / RAMP - RT 20 WB TO RT 122 SB / / GRAFTON STREET,,1364 GRAFTON ST,Local police
1415187,1/13/2002,8:20 PM,WORCESTER,Property damage only (none injured),MASSASOIT ROAD,,,Local police
1418058,2/11/2002,8:00 PM,WORCESTER,Not Reported,WESTBOROUGH STREET,PINE CREST DRIVE,,Local police
1420479,2/4/2002,5:40 PM,WORCESTER,Non-fatal injury,GRAFTON STREET Rte 122 N,,,Local police
1424359,1/22/2002,4:20 PM,WORCESTER,Property damage only (none injured),MASSASOIT ROAD,,,Local police
1426558,3/9/2002,10:30 AM,WORCESTER,Property damage only (none injured),WESTBOROUGH STREET,,,Local police
1426615,3/9/2002,8:30 PM,WORCESTER,Not Reported,MASSASOIT ROAD,,,Local police
1428351,2/28/2002,8:30 AM,WORCESTER,Property damage only (none injured),BALLARD STREET,,,Local police
1433580,3/27/2002,7:00 PM,WORCESTER,Property damage only (none injured),GRAFTON STREET / Rte 20,,,Local police
1443628,4/6/2002,11:30 AM,WORCESTER,Property damage only (none injured),GREENWOOD STREET / FORSBERG STREET,,,Local police
1450982,4/1/2002,3:25 PM,WORCESTER,Non-fatal injury,GREENWOOD STREET,,,Local police
1475360,5/17/2002,7:36 PM,WORCESTER,Non-fatal injury,UPLAND GARDENS DRIVE,,,Local police
1480973,6/7/2002,6:40 AM,WORCESTER,Property damage only (none injured),WESTBOROUGH STREET / PINE CREST DRIVE /,,,Local police
1481488,6/1/2002,3:30 PM,WORCESTER,Property damage only (none injured),UPLAND GARDENS DRIVE,,,Local police
1484411,7/25/2002,1:10 PM,WORCESTER,Property damage only (none injured),GRAFTON STREET Rte 122 / Rte 20 W,,,Local police
1485853,7/18/2002,12:30 PM,WORCESTER,Property damage only (none injured),WESTBOROUGH STREET / PINE CREST DRIVE,,,Local police
1486720,6/24/2002,11:30 AM,WORCESTER,Property damage only (none injured),SOUTH WEST CUT OFF Rte 20 E / GRAFTON STREET Rte 122 N,,,Local police
1487772,6/15/2002,11:43 PM,WORCESTER,Non-fatal injury,UPLAND STREET,,,Local police
1487796,6/27/2002,8:20 AM,WORCESTER,Property damage only (none injured),BALLARD STREET,,,Local police
1507317,8/29/2002,6:00 PM,WORCESTER,Property damage only (none injured),Rte 20 W / GRAFTON STREET,,,Local police
1512343,10/3/2002,4:35 PM,WORCESTER,Property damage only (none injured),BALLARD STREET,,,Local police
1514375,10/18/2002,12:07 AM,WORCESTER,Property damage only (none injured),UPLAND STREET,UPLAND GARDENS DRIVE,,Local police
1527648,12/6/2002,9:15 AM,WORCESTER,Not Reported,GRAFTON STREET Rte 122 S,,NU SASH WINDOWS,Local police
1530930,12/12/2002,2:20 AM,WORCESTER,Property damage only (none injured),HAMILTON STREET Rte 20 / GRAFTON STREET,,,Local police
1532292,12/16/2002,10:20 AM,WORCESTER,Unknown,GREENWOOD STREET,FORSBERG STREET,,Local police
1532627,12/4/2002,10:10 AM,WORCESTER,Property damage only (none injured),MILLBURY STREET / Rte 146 S,,,State police
1533205,12/25/2002,10:30 AM,WORCESTER,Property damage only (none injured),BLITHEWOOD AVENUE,,,Local police
1533299,12/26/2002,10:50 AM,WORCESTER,Not Reported,MILLBURY STREET Rte 146,,,Local police
1714236,3/13/2003,9:00 PM,WORCESTER,Property damage only (none injured),GREENWOOD STREET / UPLAND STREET,,,Local police
1714253,3/13/2003,5:00 PM,WORCESTER,Non-fatal injury,BLITHEWOOD AVENUE,,,Local police
1726565,3/26/2003,10:58 AM,WORCESTER,Property damage only (none injured),GREENWOOD STREET,,,Local police
1731080,4/17/2003,8:15 AM,WORCESTER,Not Reported,GRAFTON STREET Rte 122 W,,,Local police
1740535,5/24/2003,8:45 AM,WORCESTER,Property damage only (none injured),GREENWOOD STREET,,,Local police
1740656,7/18/2003,12:30 PM,WORCESTER,Not Reported,/ MILLBURY STREET Rte 146,Rte 146,,
1747131,6/22/2003,9:18 PM,WORCESTER,Non-fatal injury,GRAFTON STREET,,,Local police
1747175,6/11/2003,2:05 PM,WORCESTER,Property damage only (none injured),GRAFTON STREET Rte 122 S / RAMP - RT 20 EB TO RT 122 SB Rte 20,,,Local police
1748921,7/17/2003,10:15 AM,WORCESTER,Property damage only (none injured),BALLARD STREET,,,Local police
1749112,7/13/2003,3:00 PM,WORCESTER,Property damage only (none injured),WESTBOROUGH STREET,,,Local police
1749145,7/13/2003,1:00 PM,WORCESTER,Non-fatal injury,GREENWOOD STREET / UPLAND STREET,,,Local police
1753258,8/1/2003,4:15 PM,WORCESTER,Property damage only (none injured),/ QUINSIGAMOND AVENUE Rte 146,MILLBURY STREET,,
1766955,9/7/2003,12:45 PM,WORCESTER,Property damage only (none injured),GREENWOOD STREET,,,Local police
1774736,9/30/2003,7:05 AM,WORCESTER,Non-fatal injury,GREENWOOD STREET,,,Local police
1788246,10/31/2003,10:20 AM,WORCESTER,Property damage only (none injured),GRAFTON STREET / NATHANIEL STREET,,,Local police
1788970,9/20/2003,6:20 AM,WORCESTER,Unknown,/ QUINSIGAMOND AVENUE Rte 146,MILLBURY STREET,,
1790286,11/27/2003,11:24 AM,WORCESTER,Property damage only (none injured),UPLAND GARDENS DRIVE,,7 UPLAND GARDENS PARKING LOT,Local police
1792450,12/23/2003,6:00 PM,WORCESTER,Non-fatal injury,GRAFTON STREET,,,Local police
1792794,12/2/2003,11:10 AM,WORCESTER,Property damage only (none injured),SOUTHWEST CUTOFF Rte 20 W,GRAFTON STREET,,Local police
1793928,3/6/2003,12:30 PM,WORCESTER,Property damage only (none injured),GREENWOOD STREET / UPLAND STREET / GREENWOOD STREET,,,
1797310,1/6/2004,12:33 AM,WORCESTER,Non-fatal injury,GREENWOOD STREET,UPLAND STREET,,Local police
1800037,1/10/2004,5:58 PM,WORCESTER,Non-fatal injury,BALLARD STREET,,,Local police
1806383,2/6/2004,10:50 PM,WORCESTER,Property damage only (none injured),GREENWOOD STREET,,,Local police
1824997,3/16/2004,6:40 PM,WORCESTER,Non-fatal injury,GRAFTON STREET,,,Local police
1830923,5/7/2004,1:50 AM,WORCESTER,Property damage only (none injured),WESTBOROUGH STREET / PINE CREST DRIVE,,,
1849397,4/16/2004,5:58 PM,WORCESTER,Property damage only (none injured),GRAFTON STREET / Rte 20 E,,,Local police
1864818,5/28/2004,2:20 PM,WORCESTER,Property damage only (none injured),GRAFTON STREET,,MILLBURY LINE,Local police
1865126,5/30/2004,10:52 PM,WORCESTER,Property damage only (none injured),WESTBOROUGH STREET,,,Local police
1865458,5/7/2004,12:30 PM,WORCESTER,Property damage only (none injured),GRAFTON STREET Rte 122 N / Rte 20,,,Local police
1865502,6/24/2004,4:00 AM,WORCESTER,Property damage only (none injured),UPLAND GARDENS DRIVE,,,Local police
1865723,6/8/2004,10:10 PM,WORCESTER,Property damage only (none injured),MILLBURY STREET / Rte 146,,,Local police
1867657,2/8/2005,6:40 PM,WORCESTER,Property damage only (none injured),/ MILLBURY STREET Rte 146,Rte 146,,
1868387,7/24/2004,8:30 AM,WORCESTER,Property damage only (none injured),SOUTHWEST CUTOFF Rte 20 E,GRAFTON STREET Rte 122 E,,Local police
1868997,7/4/2004,7:30 AM,WORCESTER,Not Reported,GREENWOOD STREET,,,Local police
1871468,7/7/2004,1:45 PM,WORCESTER,Property damage only (none injured),MASSASOIT ROAD,,,Local police
1877947,8/25/2004,4:15 PM,WORCESTER,Property damage only (none injured),UPLAND STREET,,,Local police
1877966,9/7/2004,8:10 AM,WORCESTER,Not Reported,GRAFTON STREET,Rte 20,,
1882260,1/30/2004,6:45 AM,WORCESTER,Property damage only (none injured),MILLBURY STREET Rte 146,Rte 146,,
1890533,9/13/2004,2:55 PM,WORCESTER,Property damage only (none injured),GREENWOOD STREET,FORSBERG STREET,,Local police
1890753,9/2/2004,2:27 AM,WORCESTER,Not Reported,UPLAND STREET,,,Local police
1890855,9/25/2004,6:46 AM,WORCESTER,Property damage only (none injured),GRAFTON STREET,,,Local police
1892429,2/4/2004,7:40 AM,WORCESTER,Not Reported,GRAFTON STREET / Rte 20 W,,,
1920076,2/8/2005,8:10 AM,WORCESTER,Unknown,SOUTHWEST CUTOFF Rte 20 / GRAFTON STREET Rte 122,,,
1926061,10/17/2004,3:45 PM,WORCESTER,Not Reported,GRAFTON STREET Rte 122 / Rte 20,,ACCESS ROAD TO RT 20,Local police
1926860,10/31/2004,4:10 PM,WORCESTER,Property damage only (none injured),UPLAND STREET,,,Local police
1938018,2/1/2005,6:40 AM,WORCESTER,Non-fatal injury,MILLBURY STREET / BALLARD STREET,,,Local police
1939532,11/13/2004,6:20 AM,WORCESTER,Property damage only (none injured),GRAFTON STREET,,,Local police
1939533,11/10/2004,4:45 PM,WORCESTER,Non-fatal injury,GREENWOOD STREET,,,Local police
1954420,7/10/2005,1:50 PM,WORCESTER,Non-fatal injury,GREENWOOD STREET / UPLAND STREET,,,Local police
1957063,12/17/2004,7:00 AM,WORCESTER,Non-fatal injury,GREENWOOD STREET / FORSBERG STREET,,,Local police
1960452,10/16/2005,6:05 PM,WORCESTER,Non-fatal injury,QUINSIGAMOND AVENUE Rte 146 S,MILLBURY STREET,,State police
1999049,2/22/2005,8:20 AM,WORCESTER,Property damage only (none injured),UPLAND STREET,,,Local police
1999845,2/16/2005,6:10 AM,WORCESTER,Not Reported,/ MILLBURY STREET Rte 146,Rte 146,,Local police
1999877,2/16/2005,7:00 AM,WORCESTER,Property damage only (none injured),GRANITE STREET,,,Local police
2005446,1/9/2006,10:50 PM,WORCESTER,Not Reported,Rte 20 E,RAMP - BURNCOAT ST TO I90 SB Rte 122 E,,State police
2023320,4/19/2005,7:59 PM,WORCESTER,Non-fatal injury,UPLAND GARDENS DRIVE,,,Local police
2024793,4/14/2005,1:00 AM,WORCESTER,Not Reported,GRAFTON STREET / STIDSEN WAY,,,Local police
2030113,7/20/2005,3:00 PM,WORCESTER,Property damage only (none injured),BLITHEWOOD AVENUE,,,Local police
2030296,7/17/2005,10:45 PM,WORCESTER,Property damage only (none injured),GREENWOOD STREET / FORSBERG STREET /,,,Local police
2034135,8/14/2005,3:45 PM,WORCESTER,Property damage only (none injured),SUNDERLAND ROAD Rte 20 W,GRAFTON STREET,,Local police
2046114,9/25/2005,12:00 PM,WORCESTER,Property damage only (none injured),GRAFTON STREET Rte 122 N,,,Local police
2046595,9/19/2005,9:04 AM,WORCESTER,Property damage only (none injured),MILLBURY STREET / Rte 146,,,Local police
2049165,11/24/2005,9:05 AM,WORCESTER,Property damage only (none injured),GRAFTON STREET,,,Local police
2054302,2/13/2006,7:27 AM,WORCESTER,Non-fatal injury,UPLAND STREET,,DRIVEWAY,Local police
2064884,1/16/2006,8:40 PM,WORCESTER,Property damage only (none injured),GREENWOOD STREET,,,Local police
2065007,1/12/2006,8:45 AM,WORCESTER,Unknown,Rte 146 / MILLBURY STREET,,,Local police
2065064,1/8/2006,10:40 AM,WORCESTER,Not Reported,MASSASOIT ROAD,,,Local police
2065077,1/8/2006,10:52 AM,WORCESTER,Non-fatal injury,FORSBERG STREET / GREENWOOD STREET,,,Local police
2066521,1/30/2006,4:21 PM,WORCESTER,Property damage only (none injured),UPLAND STREET,,,Local police
2068319,6/24/2006,12:40 AM,WORCESTER,Property damage only (none injured),Rte 20 E / Rte 122,,,
2076128,4/23/2006,12:00 PM,WORCESTER,Property damage only (none injured),GRANITE STREET,,STANDARD AUTO RECYCLERS,Local police
2079255,4/28/2006,3:15 PM,WORCESTER,Property damage only (none injured),/ SUNDERLAND ROAD Rte 20,GRAFTON STREET,GRAFTON STREET ON RAMP,Local police
2079454,5/28/2006,11:43 PM,WORCESTER,Property damage only (none injured),UPLAND STREET,UPLAND GARDENS DRIVE,,Local police
2079497,4/29/2006,8:30 AM,WORCESTER,Property damage only (none injured),Rte 20 E / GRAFTON STREET /,,,Local police
2080615,5/8/2006,10:02 PM,WORCESTER,Property damage only (none injured),MILLBURY STREET / Rte 146,,,Local police
2081323,5/26/2006,11:35 AM,WORCESTER,Property damage only (none injured),GRAFTON STREET,,,Local police
2081500,6/1/2006,4:48 PM,WORCESTER,Non-fatal injury,GREENWOOD STREET,,,Local police
2081676,6/7/2006,9:08 PM,WORCESTER,Non-fatal injury,BALLARD STREET,Rte 146,,Local police
2083843,6/20/2006,12:58 AM,WORCESTER,Property damage only (none injured),UPLAND STREET,,,Local police
2083875,6/20/2006,3:40 PM,WORCESTER,Non-fatal injury,SOUTHWEST CUTOFF Rte 20,GRAFTON STREET Rte 20,,Local police
2091583,3/12/2006,2:00 AM,WORCESTER,Property damage only (none injured),GRAFTON STREET Rte 122,,,
2104832,8/15/2006,6:03 AM,WORCESTER,Property damage only (none injured),GRAFTON STREET,,,Local police
2117495,11/11/2006,6:09 AM,WORCESTER,Fatal injury,GREENWOOD STREET,,,Local police
2130240,9/17/2006,2:21 AM,WORCESTER,Non-fatal injury,GREENWOOD STREET,,,Local police
2131053,9/1/2006,1:03 AM,WORCESTER,Unknown,GRAFTON STREET,,,Local police
2132517,9/4/2006,12:30 PM,WORCESTER,Not Reported,GREENWOOD STREET,,,State police
2132526,9/4/2006,1:50 PM,WORCESTER,Not Reported,GRAFTON STREET / SOUTHWEST CUTOFF,,,Local police
2136822,10/31/2006,7:00 PM,WORCESTER,Non-fatal injury,GREENWOOD STREET / UPLAND STREET,,,Local police
2137403,10/7/2006,7:00 PM,WORCESTER,Property damage only (none injured),QUINSIGAMOND AVENUE Rte 146 N,MILLBURY STREET,,Local police
2194119,2/2/2007,9:11 PM,WORCESTER,Property damage only (none injured),GRAFTON STREET / Rte 20 E,,,Local police
2194429,2/26/2007,11:40 AM,WORCESTER,Non-fatal injury,UPLAND STREET,,,Local police
4031894,3/5/2015,8:20 AM,WORCESTER,Property damage only (none injured),SUNDERLAND ROAD Rte 20 E,GRAFTON STREET,ON RAMP TO GRAFTON ST,Local police
1759303,8/19/2003,8:45 AM,WORCESTER,Property damage only (none injured),SOUTHWEST CUTOFF Rte 20 W / RAMP - RT 122 SB TO RT 20 WB,,,Local police
1798472,8/13/2003,4:00 AM,WORCESTER,Not Reported,Rte 20 / / RAMP - RT 122 NB TO RT 20 EB,GRAFTON STREET,,
1997015,4/29/2005,3:00 AM,WORCESTER,Non-fatal injury,SOUTHWEST CUTOFF,RAMP - RT 122 SB TO RT 20 WB,,Local police
2065681,1/23/2006,7:05 PM,WORCESTER,Not Reported,UPLAND STREET / MYSTIC STREET,,,Local police
2104529,8/4/2006,11:20 AM,WORCESTER,Non-fatal injury,GRAFTON STREET / BURGHARDT STREET,,,Local police
2126673,6/6/2006,7:00 AM,WORCESTER,Not Reported,GRAFTON STREET Rte 122 / BURGHARDT STREET,,,
2151117,11/12/2006,12:50 PM,WORCESTER,Property damage only (none injured),GRAFTON STREET,,,Local police
2151769,11/16/2006,1:00 PM,WORCESTER,Property damage only (none injured),GREENWOOD STREET,,,Local police
2151914,11/27/2006,3:47 PM,WORCESTER,Property damage only (none injured),WESTBOROUGH STREET / FLINT POND ROAD,,,Local police
2170828,12/7/2006,8:12 AM,WORCESTER,Property damage only (none injured),BURGHARDT STREET / GRAFTON STREET,,,Local police
2171636,12/30/2006,8:30 AM,WORCESTER,Not Reported,GRANITE STREET,,,Local police
2177178,10/31/2006,1:40 PM,WORCESTER,Property damage only (none injured),SOUTHWEST CUTOFF Rte 20,GRAFTON STREET Rte 122,,
2178196,6/4/2006,10:20 PM,WORCESTER,Non-fatal injury,Rte 146 N / MILLBURY STREET /,,,State police
2182184,1/31/2007,4:30 PM,WORCESTER,Property damage only (none injured),GRAFTON STREET / Rte 20,,,Local police
2199577,3/28/2007,3:30 PM,WORCESTER,Property damage only (none injured),TAYLOR COURT Rte 12,Rte 12,,Local police
2200229,3/12/2007,8:00 AM,WORCESTER,Non-fatal injury,UPLAND STREET / UPLAND GARDENS DRIVE,,,Local police
2200237,3/17/2007,8:56 AM,WORCESTER,Property damage only (none injured),MASSASOIT ROAD,,,Local police
2200833,3/30/2007,3:30 AM,WORCESTER,Property damage only (none injured),UPLAND STREET,,,Local police
2220272,4/14/2007,12:09 AM,WORCESTER,Property damage only (none injured),MASSASOIT ROAD,,,Local police
2230678,9/17/2006,2:21 AM,WORCESTER,Not Reported,GREENWOOD STREET,,,
2237025,5/24/2007,6:20 PM,WORCESTER,Property damage only (none injured),/ GRAFTON STREET Rte 20,SOUTHWEST CUTOFF Rte 20,,Local police
2237974,5/14/2007,12:00 PM,WORCESTER,Non-fatal injury,SUNDERLAND ROAD Rte 20 E,GRAFTON STREET,ANIMAL HOSPITAL,Local police
2242753,6/29/2007,6:00 PM,WORCESTER,Property damage only (none injured),UPLAND GARDENS DRIVE,,,Local police
2243262,7/28/2007,3:40 PM,WORCESTER,Not Reported,UPLAND STREET,,,Local police
2244061,7/5/2007,4:30 PM,WORCESTER,Property damage only (none injured),GREENWOOD STREET,,,Local police
2244116,6/25/2007,7:52 PM,WORCESTER,Property damage only (none injured),BLITHEWOOD AVENUE / WEATHERSTONE DRIVE,,,Local police
2246106,8/6/2007,4:00 PM,WORCESTER,Property damage only (none injured),GRAFTON STREET,,,Local police
2249011,8/31/2007,3:49 PM,WORCESTER,Non-fatal injury,UPLAND GARDENS DRIVE,UPLAND STREET,,Local police
2276087,1/8/2007,1:15 AM,WORCESTER,Non-fatal injury,GRAFTON STREET,Rte 122,,
2304529,9/23/2007,1:40 PM,WORCESTER,Non-fatal injury,GREENWOOD STREET / FORSBERG STREET,,,Local police
2307610,10/27/2007,10:22 AM,WORCESTER,Property damage only (none injured),SOUTHWEST CUTOFF Rte 20 W / GRAFTON STREET,,GRAFTON ST ON RAMP,Local police
2318987,4/28/2007,5:50 AM,WORCESTER,Property damage only (none injured),SOUTHWEST CUTOFF Rte 20,RAMP - RT 122 NB TO RT 20 EB,,
2330064,11/6/2007,4:11 PM,WORCESTER,Property damage only (none injured),WESTBOROUGH STREET,,,Local police
2331764,11/14/2007,8:40 AM,WORCESTER,Property damage only (none injured),GREENWOOD STREET / UPLAND STREET,,,Local police
2332479,11/12/2007,9:00 AM,WORCESTER,Not Reported,GREENWOOD STREET / UPLAND STREET,,,Local police
2335156,11/28/2007,5:50 PM,WORCESTER,Property damage only (none injured),BLACKSTONE VALLEY RIVER RD / TOBIAS BOLLAND WAY,,,Local police
2337760,7/7/2007,6:00 PM,WORCESTER,Unknown,UPLAND STREET / MALLARD ROAD,,,
2339258,12/25/2007,10:21 PM,WORCESTER,Property damage only (none injured),MINERVA STREET,,,Local police
2349137,8/24/2007,10:55 AM,WORCESTER,Not Reported,GRAFTON STREET Rte 122,Rte 20,,
2360631,10/25/2007,8:30 AM,WORCESTER,Property damage only (none injured),Rte 20 / GRAFTON STREET,,,
2362374,2/16/2008,5:42 PM,WORCESTER,Fatal injury,GRAFTON STREET,Rte 20,COLONIAL AUTO POLE 9,Local police
2362909,1/11/2008,9:15 AM,WORCESTER,Non-fatal injury,SOUTHWEST CUTOFF Rte 20,Rte 20,,Local police
2363001,1/20/2008,8:34 AM,WORCESTER,Non-fatal injury,GRAFTON STREET / Rte 20 W,,,Local police
2363063,1/16/2008,3:30 PM,WORCESTER,Non-fatal injury,SOUTHWEST CUTOFF Rte 20 W / GRAFTON STREET / RAMP - RT 20 WB TO RT 122 SB,,,Local police
2363111,1/25/2008,11:34 AM,WORCESTER,Non-fatal injury,UPLAND STREET,,,Local police
2376714,12/20/2007,6:30 AM,WORCESTER,Non-fatal injury,GRAFTON STREET Rte 122,SAYBROOK ROAD,,
2383386,11/17/2007,9:00 AM,WORCESTER,Property damage only (none injured),Rte 122 / Rte 20,,,
2404566,4/2/2008,5:30 AM,WORCESTER,Property damage only (none injured),Rte 20 / GRAFTON STREET Rte 122,,,
2404902,4/28/2008,5:35 PM,WORCESTER,Non-fatal injury,Rte 20 / GRAFTON STREET,,,Local police
2422517,3/15/2008,12:45 PM,WORCESTER,Property damage only (none injured),SOUTHWEST CUTOFF Rte 20 / RAMP - RT 122 NB TO RT 20 EB,,,Local police
2425832,1/2/2008,6:20 AM,WORCESTER,Not Reported,UPLAND STREET,,,
2438778,2/20/2008,8:00 AM,WORCESTER,Property damage only (none injured),GREENWOOD STREET / FORSBERG STREET,,,Local police
2439543,2/10/2008,11:45 PM,WORCESTER,Not Reported,GRAFTON STREET / STIDSEN WAY,,,Local police
2443410,3/23/2008,2:39 AM,WORCESTER,Non-fatal injury,GREENWOOD STREET,,,Local police
2443720,4/26/2008,1:30 AM,WORCESTER,Non-fatal injury,PROVIDENCE STREET / UPLAND STREET / UPLAND GARDENS DRIVE,,,Local police
2445564,3/29/2008,6:00 PM,WORCESTER,Property damage only (none injured),GRAFTON STREET Rte 122 N,,,Local police
2446890,5/22/2008,8:00 AM,WORCESTER,Non-fatal injury,GRAFTON STREET Rte 8,Rte 20,MRS MACK PLAZA,Local police
2450741,7/15/2008,11:35 AM,WORCESTER,Not Reported,SOUTHWEST CUTOFF Rte 20 W,,,Local police
2453342,3/26/2008,2:10 AM,WORCESTER,Not Reported,GRAFTON STREET,NATHANIEL STREET,,
2481004,8/2/2008,12:30 PM,WORCESTER,Non-fatal injury,WASHINGTON STREET Rte 20 / GRAFTON STREET Rte 12,,,
2482842,10/22/2008,1:30 PM,WORCESTER,Non-fatal injury,BLACKSTONE RIVER ROAD / RT 146 SB OVERPASS,,,Local police
2485621,12/20/2008,8:56 AM,WORCESTER,Not Reported,Rte 146,BLACKSTONE RIVER ROAD,,Local police
2487889,12/23/2008,11:50 AM,WORCESTER,Property damage only (none injured),UPLAND STREET,,,Local police
2493106,12/8/2008,8:00 AM,WORCESTER,Not Reported,BLACKSTONE RIVER ROAD / MILLBURY STREET,,,Local police
2500505,1/5/2009,8:30 AM,WORCESTER,Not Reported,FLINT POND ROAD,WESTBOROUGH STREET,,Local police
2506592,2/18/2009,8:23 AM,WORCESTER,Property damage only (none injured),MILLBURY STREET / BLACKSTONE RIVER ROAD,,,Local police
2506699,2/8/2009,3:13 AM,WORCESTER,Non-fatal injury,MILLBURY STREET / BLACKSTONE RIVER ROAD,,,Local police
2506772,2/2/2009,8:48 PM,WORCESTER,Property damage only (none injured),BLITHEWOOD AVENUE,,,Local police
2507490,2/20/2009,9:21 PM,WORCESTER,Non-fatal injury,SOUTHWEST CUTOFF Rte 20 E,,,Local police
2508426,3/3/2009,1:15 PM,WORCESTER,Non-fatal injury,MILLBURY STREET / BLACKSTONE RIVER ROAD,,,Local police
2508670,3/29/2009,6:20 AM,WORCESTER,Non-fatal injury,CRESTLAN CIRCLE,,,Local police
2509588,3/20/2009,5:47 PM,WORCESTER,Property damage only (none injured),BLACKSTONE RIVER ROAD / MILLBURY STREET,,,Local police
2511274,4/15/2009,4:10 PM,WORCESTER,Property damage only (none injured),GRAFTON STREET,,,Local police
2511316,4/14/2009,2:15 PM,WORCESTER,Non-fatal injury,UPLAND STREET / GREENWOOD STREET,,,Local police
2511433,4/23/2009,10:41 AM,WORCESTER,Not Reported,UPLAND GARDENS DRIVE,,,Local police
2518500,4/27/2009,12:00 PM,WORCESTER,Not Reported,MASSASOIT ROAD,,,Local police
2519200,5/1/2009,2:20 PM,WORCESTER,Property damage only (none injured),GRAFTON STREET / Rte 20,,,Local police
2524041,5/29/2009,1:56 PM,WORCESTER,Not Reported,GRAFTON STREET,,,Local police
2524340,5/23/2009,5:55 AM,WORCESTER,Property damage only (none injured),MASSASOIT ROAD,,,Local police
2531184,7/12/2009,6:21 PM,WORCESTER,Non-fatal injury,GRAFTON STREET / BURGHARDT STREET,,,Local police
2532304,7/14/2009,7:48 PM,WORCESTER,Property damage only (none injured),SOUTHWEST CUTOFF,,,Local police
2532318,7/19/2009,1:57 AM,WORCESTER,Non-fatal injury,GREENWOOD STREET,,,Local police
2532603,8/7/2009,6:08 PM,WORCESTER,Property damage only (none injured),UPLAND GARDENS DRIVE,,,Local police
2533236,6/24/2009,3:15 PM,WORCESTER,Property damage only (none injured),MASSASOIT ROAD,,,Local police
2533371,8/6/2009,12:00 PM,WORCESTER,Not Reported,MILLBURY STREET / BLACKSTONE RIVER ROAD,,,Local police
2534185,11/14/2008,11:38 PM,WORCESTER,Non-fatal injury,UPLAND STREET,,,Local police
2536345,8/29/2009,2:28 AM,WORCESTER,Not Reported,WESTBOROUGH STREET,,,Local police
2537669,9/3/2009,1:54 PM,WORCESTER,Not Reported,GRAFTON STREET,,,Local police
2566001,12/9/2009,6:30 AM,WORCESTER,Property damage only (none injured),GRAFTON STREET,Rte 20,ROUTE 20 OFF RAMP,Local police
2569818,11/7/2009,9:49 AM,WORCESTER,Non-fatal injury,GREENWOOD STREET / UPLAND STREET,,,Local police
2573913,11/13/2009,8:15 AM,WORCESTER,Property damage only (none injured),BLACKSTONE RIVER ROAD / MILLBURY STREET,,,Local police
2582645,8/21/2009,2:30 AM,WORCESTER,Not Reported,Rte 20 / RAMP - RT 122 NB TO RT 20 EB /,,,
2597900,4/3/2010,9:20 AM,WORCESTER,Non-fatal injury,PURPLE HEART HIGHWAY Rte 122A S,,AT THE NEW WALMART,State police
2611146,12/24/2009,10:34 PM,WORCESTER,Non-fatal injury,UPLAND STREET,,,Local police
2616040,8/10/2009,11:38 AM,WORCESTER,Property damage only (none injured),BLITHEWOOD AVENUE,,,Local police
2619974,1/14/2010,1:27 AM,WORCESTER,Property damage only (none injured),GREENWOOD STREET,BECK STREET,,Local police
2622496,2/7/2010,9:30 PM,WORCESTER,Property damage only (none injured),GREENWOOD STREET,,,Local police
2623613,4/10/2010,2:09 AM,WORCESTER,Non-fatal injury,GRAFTON STREET,,,Local police
2624269,5/14/2010,4:00 PM,WORCESTER,Non-fatal injury,GREENWOOD STREET / UPLAND STREET,,,Local police
2625088,4/22/2010,8:00 PM,WORCESTER,Non-fatal injury,WESTBOROUGH STREET,,,Local police
2625985,4/16/2010,7:40 AM,WORCESTER,Property damage only (none injured),MILLBURY STREET / BLACKSTONE RIVER ROAD / MILLBURY STREET,,,Local police
2630307,5/27/2010,7:00 PM,WORCESTER,Property damage only (none injured),GRAFTON STREET,,,Local police
2660074,7/18/2010,8:04 PM,WORCESTER,Property damage only (none injured),MASSASOIT ROAD,,,Local police
2660121,7/21/2010,9:50 AM,WORCESTER,Non-fatal injury,GRAFTON STREET,,,Local police
2685934,8/27/2010,6:35 PM,WORCESTER,Property damage only (none injured),GRAFTON STREET,,,Local police
2686660,8/27/2010,12:00 PM,WORCESTER,Property damage only (none injured),GRAFTON STREET / BURGHARDT STREET / GRAFTON STREET,,,Local police
2686872,1/4/2010,9:15 AM,WORCESTER,Not Reported,UPLAND STREET / GREENWOOD STREET,,,Local police
2686893,9/3/2010,4:57 PM,WORCESTER,Non-fatal injury,GREENWOOD STREET / UPLAND STREET,,,Local police
2693437,8/30/2010,1:45 PM,WORCESTER,Not Reported,TOBIAS BOLLAND WAY / BLACKSTONE RIVER ROAD,,,Local police
2694880,10/4/2010,10:15 AM,WORCESTER,Property damage only (none injured),BLACKSTONE RIVER ROAD / RAMP - BLACKSTONE RIVER ROAD TO RT 146 S,,,Local police
2715930,11/27/2010,7:00 PM,WORCESTER,Property damage only (none injured),GRAFTON STREET,,,Local police
2721113,12/9/2009,8:30 AM,WORCESTER,Property damage only (none injured),GRAFTON STREET Rte 122 N / SOUTHWEST CUTOFF / Rte 122,,,
2723921,12/25/2010,12:30 PM,WORCESTER,Not Reported,GREENWOOD STREET / FORSBERG STREET,,,Local police
2724174,12/21/2010,10:15 AM,WORCESTER,Property damage only (none injured),UPLAND STREET,,,Local police
2724179,12/21/2010,9:15 AM,WORCESTER,Property damage only (none injured),GREENWOOD STREET / UPLAND STREET,,,Local police
2733679,1/8/2010,2:30 AM,WORCESTER,Property damage only (none injured),GREENWOOD STREET / UPLAND STREET,,,
2734216,5/15/2011,12:00 AM,WORCESTER,Not Reported,UPLAND GARDENS DRIVE,,,Local police
2736537,11/23/2010,12:30 AM,WORCESTER,Not Reported,UPLAND GARDENS DRIVE,,PARKING LOT,Local police
2736918,4/24/2011,1:30 AM,WORCESTER,Non-fatal injury,MASSASOIT ROAD,,,Local police
2736926,4/25/2011,2:02 PM,WORCESTER,Property damage only (none injured),MILLBURY STREET / BLACKSTONE RIVER ROAD,,,Local police
2760911,5/25/2011,11:09 PM,WORCESTER,Non-fatal injury,Rte 146 N,,,State police
2765124,8/30/2011,9:40 AM,WORCESTER,Non-fatal injury,GRAFTON STREET / Rte 20,,,Local police
2765209,8/16/2011,9:56 AM,WORCESTER,Non-fatal injury,GRAFTON STREET Rte 20,Rte 20,,Local police
2768530,8/2/2011,8:00 AM,WORCESTER,Property damage only (none injured),GREENWOOD STREET / UPLAND STREET,,,Local police
3789699,1/11/2014,6:34 AM,WORCESTER,Property damage only (none injured),UPLAND STREET,MALLARD ROAD,NEW ENGLAND SYNOD,Local police
3792685,2/12/2014,7:45 AM,WORCESTER,Non-fatal injury,WESTBOROUGH STREET,,,Local police
3792803,2/11/2014,10:00 AM,WORCESTER,Not Reported,MILLBURY STREET / BLACKSTONE RIVER ROAD,,,Local police
3796122,2/21/2014,7:45 AM,WORCESTER,Not Reported,GRAFTON STREET / BURGHARDT STREET,,,Local police
3796182,2/19/2014,2:25 PM,WORCESTER,Property damage only (none injured),SOUTHWEST CUTOFF,,,Local police
3796241,2/3/2014,12:15 PM,WORCESTER,Not Reported,UPLAND STREET,,,Local police
3796398,2/21/2014,12:34 PM,WORCESTER,Non-fatal injury,UPLAND STREET,,,Local police
3799440,3/7/2014,6:12 PM,WORCESTER,Property damage only (none injured),MASSASOIT ROAD,,,Local police
3805445,4/28/2014,4:48 PM,WORCESTER,Non-fatal injury,GREENWOOD STREET / UPLAND STREET,,,Local police
3812931,3/13/2014,9:00 AM,WORCESTER,Property damage only (none injured),GRANITE STREET,,,Local police
3819743,4/22/2014,1:52 AM,WORCESTER,Non-fatal injury,MASSASOIT ROAD,,,Local police
3831335,2/23/2014,9:30 AM,WORCESTER,Property damage only (none injured),GRAFTON STREET / SAYBROOK ROAD,,,Local police
3847932,3/19/2014,8:10 AM,WORCESTER,Property damage only (none injured),GRAFTON STREET / SOUTHWEST CUTOFF,,,Local police
3888243,7/11/2014,11:35 PM,WORCESTER,Property damage only (none injured),SUNDERLAND ROAD Rte 20,GRAFTON STREET,,State police
3909679,5/2/2014,8:36 AM,WORCESTER,Property damage only (none injured),GRAFTON STREET Rte 122 N / RAMP - RT 20 EB TO RT 122 NB,,OFF RAMP ROUTE 20 EAST,Local police
3923824,5/27/2014,6:14 PM,WORCESTER,Non-fatal injury,MILLBURY STREET / BLACKSTONE RIVER ROAD,,,Local police
3934134,5/13/2014,1:10 PM,WORCESTER,Property damage only (none injured),SUNDERLAND ROAD Rte 20 W,GRAFTON STREET,,Local police
3966120,6/15/2014,10:34 PM,WORCESTER,Property damage only (none injured),SOUTHWEST CUTOFF / GRAFTON STREET,,,Local police
3968677,7/31/2014,7:30 AM,WORCESTER,Property damage only (none injured),GRAFTON STREET Rte 122 S,BLITHEWOOD AVENUE,,Local police
3977621,7/6/2014,6:51 PM,WORCESTER,Property damage only (none injured),BLITHEWOOD AVENUE,,,Local police
3987594,12/6/2014,10:42 AM,WORCESTER,Property damage only (none injured),GRAFTON STREET / RAMP-RT 20 WB TO RT 122 SB Rte 20,,,Local police
3992662,8/13/2014,7:15 AM,WORCESTER,Non-fatal injury,RAMP-RT 20 WB TO RT 122 SB / GRAFTON STREET Rte SR122 S,,,Local police
3992816,8/10/2014,12:00 AM,WORCESTER,Not Reported,ETRE DRIVE,,,Local police
3994595,7/3/2014,11:35 PM,WORCESTER,Property damage only (none injured),GREENWOOD STREET,,,Local police
4019192,11/18/2014,7:50 AM,WORCESTER,Non-fatal injury,GREENWOOD STREET / UPLAND STREET,,,Local police
4021373,10/27/2014,8:00 AM,WORCESTER,Non-fatal injury,GRAFTON STREET,,MIS MACKS BALAY,Local police
4021844,10/4/2014,6:45 PM,WORCESTER,Property damage only (none injured),SOUTHWEST CUTOFF Rte 20 / GRAFTON STREET,,,Local police
4030895,8/4/2014,11:39 PM,WORCESTER,Property damage only (none injured),GRANITE STREET / AURORA STREET,,,Local police
4031443,11/26/2014,8:15 AM,WORCESTER,Non-fatal injury,MILLBURY STREET / BLACKSTONE RIVER ROAD,,,Local police
4031482,9/4/2014,1:25 AM,WORCESTER,Property damage only (none injured),GRAFTON STREET,RAMP-RT 20 WB TO RT 122 SB Rte 20 W,,Local police
4040269,12/6/2014,5:15 AM,WORCESTER,Property damage only (none injured),UPLAND STREET / GREENWOOD STREET,,,Local police
4040296,11/29/2014,11:15 AM,WORCESTER,Property damage only (none injured),GRAFTON STREET,Rte 20,,Local police
4075843,7/2/2015,2:07 PM,WORCESTER,Property damage only (none injured),FORSBERG STREET,,,Local police
4150360,2/11/2016,9:40 AM,WORCESTER,Property damage only (none injured),Rte 146 S,BLACKSTONE RIVER ROAD,THE RAMP FROM BLACKSTONE VALLEY,State police
4154615,1/18/2016,8:50 AM,WORCESTER,Property damage only (none injured),GRAFTON STREET / Rte 20 W,,,Local police
4176992,1/12/2016,9:41 PM,WORCESTER,Property damage only (none injured),GREENWOOD STREET,,,Local police
4177044,1/15/2016,2:57 PM,WORCESTER,Property damage only (none injured),MASSASOIT ROAD,,,Local police
4179715,2/11/2016,11:31 PM,WORCESTER,Not Reported,FORSBERG STREET,,,Local police
4181070,1/11/2016,11:45 AM,WORCESTER,Non-fatal injury,MILLBURY STREET / SAINT ANTHONYS STREET,,,Local police
4182486,4/28/2016,4:15 PM,WORCESTER,Property damage only (none injured),RAMP-BLACKSTONE RIVER RD TO RTS 146 SB/1 / BLACKSTONE RIVER ROAD / TOBIAS BOLAND WAY,,,State police
4183451,2/7/2016,6:08 AM,WORCESTER,Non-fatal injury,GRAFTON STREET,RAMP-RT 20 EB TO RT 122 NB Rte 20 W,,Local police
4183485,2/26/2016,8:10 AM,WORCESTER,Non-fatal injury,GRANITE STREET,,,Local police
4183513,2/25/2016,3:33 AM,WORCESTER,Property damage only (none injured),GRANITE STREET,,,Local police
4192742,5/9/2016,4:40 PM,WORCESTER,Property damage only (none injured),RAMP-BLACKSTONE RIVER RD TO RTS 146 SB/1,,,State police
4194250,3/11/2016,4:34 PM,WORCESTER,Non-fatal injury,GREENWOOD STREET / UPLAND STREET,,,Local police
4198177,3/31/2016,2:00 PM,WORCESTER,Not Reported,GREENWOOD STREET,,,Local police
4227488,4/5/2016,7:15 AM,WORCESTER,Not Reported,GRANITE STREET,,,Local police
4239818,5/26/2016,12:30 PM,WORCESTER,Property damage only (none injured),Rte 20 / GRAFTON STREET,,PRIME GAS,Local police
4239978,5/13/2016,8:50 AM,WORCESTER,Property damage only (none injured),GRAFTON STREET / Rte 20,,,Local police
4261456,6/23/2016,2:04 PM,WORCESTER,Non-fatal injury,BLACKSTONE RIVER ROAD / TOBIAS BOLAND WAY,,,Local police
4261954,6/23/2016,11:10 AM,WORCESTER,Non-fatal injury,UPLAND STREET,,,Local police
4262039,6/17/2016,9:13 PM,WORCESTER,Non-fatal injury,MASSASOIT ROAD,,,Local police
4265075,6/20/2016,6:05 PM,WORCESTER,Property damage only (none injured),GREENWOOD STREET,,,Local police
4265974,6/11/2016,4:24 PM,WORCESTER,Not Reported,ETRE DRIVE,,,Local police
4266541,6/19/2016,3:40 AM,WORCESTER,Property damage only (none injured),UPLAND STREET,BELLA LANE,,Local police
4275955,6/25/2016,1:00 PM,WORCESTER,Not Reported,GRAFTON STREET / Rte 20,,,Local police
4276733,6/14/2016,3:55 PM,WORCESTER,Non-fatal injury,MASSASOIT ROAD,IVY STREET,,Local police
4276743,6/13/2016,6:33 PM,WORCESTER,Not Reported,MASSASOIT ROAD,,,Local police
4276801,7/8/2016,12:10 PM,WORCESTER,Property damage only (none injured),MASSASOIT ROAD,,,Local police
4279129,7/16/2016,6:00 PM,WORCESTER,Property damage only (none injured),MILLBURY STREET,,,Local police
4281228,6/25/2016,5:33 PM,WORCESTER,Non-fatal injury,MILLBURY STREET / BLACKSTONE RIVER ROAD,,,Local police
4291206,7/31/2016,3:19 PM,WORCESTER,Property damage only (none injured),MILLBURY STREET / BLACKSTONE RIVER ROAD,,,Local police
4293512,8/16/2016,12:15 PM,WORCESTER,Property damage only (none injured),GREENWOOD STREET,,,Local police
4295236,8/10/2016,12:46 PM,WORCESTER,Property damage only (none injured),BLITHEWOOD AVENUE,,,Local police
4295248,8/1/2016,10:13 AM,WORCESTER,Non-fatal injury,Rte 20 / RAMP-RT 122 NB TO RT 20 EB,,,Local police
4295660,8/21/2016,4:45 AM,WORCESTER,Non-fatal injury,GREENWOOD STREET,,,Local police
4317119,9/3/2016,12:50 AM,WORCESTER,Property damage only (none injured),BLACKSTONE RIVER ROAD / Rte 146 S,,,Local police
4325715,10/5/2016,8:59 AM,WORCESTER,Property damage only (none injured),UPLAND GARDENS DRIVE,,,Local police
4326205,9/9/2016,12:39 PM,WORCESTER,Not Reported,GREENWOOD STREET,UPLAND STREET,,Local police
4327347,10/11/2016,1:29 PM,WORCESTER,Property damage only (none injured),UPLAND STREET,,,Local police
4328202,10/15/2016,12:16 AM,WORCESTER,Property damage only (none injured),GREENWOOD STREET,,,Local police
4332130,11/8/2016,8:45 AM,WORCESTER,Property damage only (none injured),GRAFTON STREET,,,Local police
4332807,10/20/2016,7:49 AM,WORCESTER,Non-fatal injury,GRAFTON STREET / SOUTHWEST CUTOFF Rte 20 W,,,Local police
4334480,12/17/2016,8:20 AM,WORCESTER,Property damage only (none injured),SOUTHWEST CUTOFF,CUT OFF,,Local police
4336960,11/23/2016,4:51 PM,WORCESTER,Property damage only (none injured),GRAFTON STREET Rte 122,RAMP-RT 122 SB TO RT 20 WB Rte 20 W,,Local police
4338424,11/15/2016,9:15 AM,WORCESTER,Property damage only (none injured),RAMP-RT 122 NB TO RT 20 EB / SOUTHWEST CUTOFF,,,Local police
4340729,11/30/2016,5:07 PM,WORCESTER,Non-fatal injury,GREENWOOD STREET / UPLAND STREET,,,Local police
4340730,11/30/2016,5:10 PM,WORCESTER,Non-fatal injury,GRAFTON STREET,,,Local police
4343154,11/5/2016,10:37 PM,WORCESTER,Property damage only (none injured),UPLAND STREET,,,Local police
4343751,12/23/2016,1:20 PM,WORCESTER,Property damage only (none injured),MILLBURY STREET / SAINT ANTHONYS STREET,,,Local police
This data was manually selected from the map.,,,,,,,,
